UNKNOWN,2026-03-28 01:58:19
UNKNOWN,2026-03-28 01:58:20
UNKNOWN,2026-03-28 01:58:21
UNKNOWN,2026-03-28 01:58:26
UNKNOWN,2026-03-28 01:58:31
UNKNOWN,2026-03-28 01:58:32
UNKNOWN,2026-03-28 01:58:33
UNKNOWN,2026-03-28 01:58:34
UNKNOWN,2026-03-28 01:58:35
UNKNOWN,2026-03-28 21:36:30
UNKNOWN,2026-03-28 21:37:03
UNKNOWN,2026-03-28 21:37:11
UNKNOWN,2026-03-31 11:11:14
UNKNOWN,2026-03-31 11:11:16
UNKNOWN,2026-03-31 11:11:17
UNKNOWN,2026-03-31 11:11:19
UNKNOWN,2026-03-31 11:11:20
UNKNOWN,2026-03-31 11:11:52
UNKNOWN,2026-03-31 11:11:56
UNKNOWN,2026-03-31 11:11:58
UNKNOWN,2026-03-31 11:12:06
UNKNOWN,2026-03-31 11:12:14
UNKNOWN,2026-03-31 11:12:17
UNKNOWN,2026-03-31 11:12:32
UNKNOWN,2026-03-31 11:12:51
UNKNOWN,2026-03-31 11:12:55
UNKNOWN,2026-03-31 11:12:58
UNKNOWN,2026-03-31 11:12:59
UNKNOWN,2026-03-31 11:13:01
UNKNOWN,2026-03-31 11:13:01
UNKNOWN,2026-03-31 11:13:31
UNKNOWN,2026-03-31 11:14:33
UNKNOWN,2026-03-31 11:14:34
UNKNOWN,2026-03-31 11:14:36
UNKNOWN,2026-03-31 11:14:37
UNKNOWN,2026-03-31 11:14:38
UNKNOWN,2026-03-31 11:14:41
UNKNOWN,2026-03-31 11:15:41
UNKNOWN,2026-03-31 11:15:43
UNKNOWN,2026-03-31 11:15:53
